{"cameraMode":{"drawMode":0,"name":"Shaded","section":"Shading Mode"},"sceneLighting":true,"audioPlay":false,"sceneViewState":{"showFog":false,"showMaterialUpdate":false,"showSkybox":false,"showFlares":false,"showImageEffects":false,"showParticleSystems":false},"in2DMode":false,"pivot":{"x":-4.662822246551514,"y":-7.527359962463379,"z":-7.3904924392700199},"rotation":{"x":-0.04632624611258507,"y":0.9521828889846802,"z":-0.23908022046089173,"w":-0.18450550734996797},"size":23.207332611083986,"orthographic":false}